{"stat.walkOneCm":21704,"stat.drop.sky_orchards.sapling_dirt":1,"stat.pickup.minecraft.wooden_slab":1,"stat.pickup.sky_orchards.sapling_dirt":18,"stat.mineBlock.sky_orchards.leaves_petrified":16,"stat.craftItem.minecraft.planks":49,"stat.leaveGame":1,"stat.useItem.minecraft.log":1,"stat.craftItem.minecraft.dirt":1,"stat.craftItem.minecraft.crafting_table":1,"stat.craftItem.inspirations.wooden_crook":1,"stat.pickup.sky_orchards.acorn_petrified":1,"stat.mineBlock.sky_orchards.leaves_dirt":137,"stat.pickup.sky_orchards.resin_dirt":18,"stat.mineBlock.minecraft.wooden_slab":1,"stat.mineBlock.minecraft.log":1,"stat.useItem.inspirations.wooden_crook":118,"stat.pickup.minecraft.log":13,"stat.drop":1,"stat.jump":3,"stat.craftItem.tconstruct.rack":1,"stat.playOneMinute":71054,"stat.craftItem.minecraft.wooden_slab":84,"stat.sneakTime":3768,"stat.crouchOneCm":11972,"stat.mineBlock.sky_orchards.log_dirt":12,"stat.timeSinceDeath":71054,"stat.pickup.sky_orchards.acorn_dirt":14,"stat.sprintOneCm":93,"stat.useItem.minecraft.stone_slab2":8,"stat.useItem.minecraft.wooden_slab":75,"stat.useItem.sky_orchards.sapling_dirt":2,"stat.craftItem.minecraft.stick":4,"stat.craftingTableInteraction":16}