{"stat.walkOneCm":20218,"stat.pickup.sky_orchards.sapling_dirt":28,"stat.craftItem.minecraft.planks":52,"stat.leaveGame":1,"stat.craftItem.minecraft.dirt":1,"stat.craftItem.inspirations.wooden_crook":2,"stat.useItem.tconstruct.rack":3,"stat.mineBlock.sky_orchards.leaves_dirt":163,"stat.pickup.sky_orchards.resin_dirt":28,"stat.useItem.inspirations.wooden_crook":171,"stat.pickup.minecraft.log":18,"stat.drop":1,"stat.drop.inspirations.wooden_crook":1,"stat.craftItem.tconstruct.rack":5,"stat.playOneMinute":17930,"stat.fallOneCm":659,"stat.useItem.minecraft.planks":9,"stat.craftItem.sky_orchards.sapling_petrified":1,"stat.mineBlock.sky_orchards.sapling_petrified":1,"stat.craftItem.minecraft.wooden_slab":12,"stat.sneakTime":496,"stat.pickup.sky_orchards.sapling_petrified":1,"stat.crouchOneCm":1540,"stat.mineBlock.sky_orchards.log_dirt":18,"stat.timeSinceDeath":17930,"stat.pickup.sky_orchards.acorn_dirt":15,"stat.useItem.minecraft.stone_slab2":6,"stat.useItem.sky_orchards.sapling_dirt":2,"stat.craftItem.minecraft.stick":16,"stat.craftingTableInteraction":9}