{"stat.chestOpened":22,"stat.walkOneCm":133419,"stat.useItem.minecraft.torch":3,"stat.craftItem.sky_orchards.sapling_sand":1,"stat.pickup.minecraft.wooden_slab":1,"stat.leaveGame":2,"stat.useItem.minecraft.log":1,"stat.craftItem.minecraft.crafting_table":1,"stat.craftItem.inspirations.wooden_crook":14,"stat.furnaceInteraction":6,"stat.pickup.sky_orchards.acorn_clay":9,"stat.pickup.sky_orchards.acorn_petrified":64,"stat.useItem.sky_orchards.sapling_clay":1,"stat.pickup.sky_orchards.resin_dirt":61,"stat.useItem.inspirations.wooden_crook":841,"stat.craftItem.minecraft.coal":2,"stat.pickup.minecraft.log":93,"stat.pickup.sky_orchards.resin_clay":15,"stat.craftItem.sky_orchards.acorn_dirt":1,"stat.jump":62,"stat.craftItem.tconstruct.rack":1,"stat.pickup.rustic.crushing_tub":2,"stat.craftItem.rustic.crushing_tub":1,"stat.pickup.sky_orchards.acorn_gravel":24,"stat.mineBlock.sky_orchards.leaves_clay":113,"stat.craftItem.minecraft.stone_slab2":0,"stat.pickup.sky_orchards.acorn_sand":35,"stat.crouchOneCm":19105,"stat.mineBlock.sky_orchards.log_dirt":38,"stat.craftItem.minecraft.chest":1,"stat.useItem.sky_orchards.sapling_petrified":9,"stat.craftItem.minecraft.torch":4,"stat.pickup.sky_orchards.acorn_dirt":32,"stat.useItem.minecraft.dirt":1,"stat.pickup.minecraft.dirt":11,"stat.sprintOneCm":1188,"stat.useItem.minecraft.stone_slab2":24,"stat.craftItem.minecraft.stick":44,"stat.craftItem.minecraft.wooden_axe":1,"stat.craftingTableInteraction":47,"stat.craftItem.minecraft.furnace":1,"stat.drop.sky_orchards.sapling_dirt":1,"stat.pickup.sky_orchards.sapling_dirt":54,"stat.mineBlock.sky_orchards.leaves_petrified":497,"stat.craftItem.minecraft.planks":174,"stat.craftItem.minecraft.dirt":5,"stat.mineBlock.minecraft.torch":1,"stat.mineBlock.sky_orchards.leaves_dirt":411,"stat.mineBlock.minecraft.wooden_slab":1,"stat.mineBlock.minecraft.log":1,"stat.pickup.minecraft.dye":4,"stat.mineBlock.sky_orchards.log_clay":9,"stat.drop":1,"stat.mineBlock.rustic.crushing_tub":2,"stat.playOneMinute":119704,"stat.pickup.minecraft.torch":1,"stat.craftItem.sky_orchards.sapling_clay":1,"stat.mineBlock.sky_orchards.sapling_petrified":2,"stat.craftItem.minecraft.wooden_slab":180,"stat.pickup.sky_orchards.resin_petrified":66,"stat.pickup.sky_orchards.sapling_clay":15,"stat.sneakTime":6891,"stat.pickup.sky_orchards.sapling_petrified":66,"stat.timeSinceDeath":119704,"stat.useItem.minecraft.wooden_axe":59,"stat.useItem.minecraft.wooden_slab":159,"stat.craftItem.minecraft.cobblestone":8,"stat.useItem.sky_orchards.sapling_dirt":7,"stat.mineBlock.sky_orchards.log_petrified":45}