{"stat.chestOpened":39,"stat.pickup.sky_orchards.acorn_cottonwood":22,"stat.drop.sky_orchards.amber_tin":1,"stat.useItem.sky_orchards.sapling_cottonwood":3,"stat.leaveGame":1,"stat.pickup.tconstruct.wooden_hopper":2,"stat.pickup.sky_orchards.acorn_petrified":14,"stat.pickup.sky_orchards.resin_dirt":33,"stat.useItem.inspirations.wooden_crook":476,"stat.craftItem.minecraft.coal":7,"stat.pickup.sky_orchards.resin_clay":4,"stat.jump":70,"stat.swimOneCm":1537,"stat.craftItem.tconstruct.rack":5,"stat.pickup.minecraft.coal":1,"stat.fallOneCm":659,"stat.useItem.minecraft.planks":9,"stat.craftItem.sky_orchards.sapling_petrified":1,"stat.craftItem.bonsaitrees.bonsaipot":2,"stat.mineBlock.morecauldrons.oak_cauldron":1,"stat.crouchOneCm":4143,"stat.mineBlock.minecraft.chest":2,"stat.mineBlock.sky_orchards.log_dirt":22,"stat.craftItem.minecraft.chest":8,"stat.pickup.minecraft.dirt":2,"stat.useItem.minecraft.stone_slab2":16,"stat.pickup.bonsaitrees.bonsaipot":2,"stat.pickup.sky_orchards.resin_cottonwood":54,"stat.craftingTableInteraction":14,"stat.pickup.sky_orchards.sapling_sand":2,"stat.craftItem.sky_orchards.sapling_gravel":1,"stat.pickup.sky_orchards.sapling_dirt":41,"stat.craftItem.sky_orchards.sapling_bone":1,"stat.craftItem.extendedcrafting.handheld_table":1,"stat.mineBlock.sky_orchards.leaves_dirt":219,"stat.drop.sky_orchards.sapling_gravel":1,"stat.pickup.minecraft.dye":4,"stat.flyOneCm":228,"stat.mineBlock.sky_orchards.sapling_petrified":1,"stat.pickup.sky_orchards.resin_coal":1,"stat.craftItem.minecraft.wooden_slab":12,"stat.pickup.sky_orchards.sapling_clay":19,"stat.damageDealt":10,"stat.pickup.sky_orchards.sapling_petrified":2,"stat.timeSinceDeath":84919,"stat.mineBlock.sky_orchards.leaves_cottonwood":160,"stat.walkOneCm":87684,"stat.pickup.ceramics.clay_bucket":6,"stat.craftItem.minecraft.bed":1,"stat.useItem.minecraft.chest":8,"stat.pickup.sky_orchards.leaves_clay":1,"stat.drop.ceramics.clay_bucket":1,"stat.craftItem.inspirations.wooden_crook":19,"stat.furnaceInteraction":5,"stat.craftItem.minecraft.crafting_table":1,"stat.pickup.sky_orchards.acorn_clay":13,"stat.useItem.tconstruct.rack":3,"stat.useItem.sky_orchards.sapling_clay":2,"stat.craftItem.ceramics.clay_bucket":1,"stat.drop.sky_orchards.sapling_bone":1,"stat.useItem.tp.toasted_bread":1,"stat.drop.bonsaitrees.bonsaipot":1,"stat.pickup.minecraft.log":56,"stat.pickup.minecraft.string":15,"stat.craftItem.sky_orchards.acorn_dirt":1,"stat.pickup.sky_orchards.amber_iron":3,"stat.drop.inspirations.wooden_crook":2,"stat.craftItem.rustic.crushing_tub":1,"stat.pickup.sky_orchards.acorn_gravel":8,"stat.mineBlock.sky_orchards.leaves_clay":56,"stat.craftItem.minecraft.stone_slab2":0,"stat.pickup.sky_orchards.sapling_cottonwood":41,"stat.pickup.sky_orchards.acorn_sand":1,"stat.pickup.sky_orchards.amber_tin":1,"stat.drop.sky_orchards.sapling_coal":1,"stat.pickup.sky_orchards.acorn_dirt":23,"stat.pickup.sky_orchards.sapling_coal":1,"stat.craftItem.minecraft.stick":136,"stat.pickup.ceramics.unfired_clay":1,"stat.drop.sky_orchards.amber_iron":1,"stat.useItem.carryon.tile_item":2,"stat.craftItem.minecraft.planks":138,"stat.craftItem.minecraft.dirt":1,"stat.pickup.morecauldrons.oak_cauldron":2,"stat.craftItem.minecraft.clay_ball":16,"stat.mineBlock.sky_orchards.log_clay":3,"stat.mineBlock.tconstruct.wooden_hopper":1,"stat.drop":11,"stat.playOneMinute":84919,"stat.sneakTime":2239,"stat.mineBlock.sky_orchards.log_cottonwood":26,"stat.craftItem.minecraft.brick":6,"stat.craftItem.minecraft.clay":8,"stat.useItem.sky_orchards.sapling_dirt":2,"stat.diveOneCm":4937,"stat.pickup.minecraft.chest":2,"stat.drop.sky_orchards.sapling_clay":2}