{"stat.chestOpened":81,"stat.pickup.tconstruct.tooltables":1,"stat.pickup.sky_orchards.acorn_cottonwood":47,"stat.mineBlock.sky_orchards.log_coal":14,"stat.craftItem.sky_orchards.sapling_cottonwood":1,"stat.craftItem.sky_orchards.sapling_sand":1,"stat.pickup.minecraft.wooden_slab":1,"stat.craftItem.ceramics.unfired_clay":1,"stat.mineBlock.sky_orchards.leaves_bone":112,"stat.drop.sky_orchards.amber_tin":1,"stat.useItem.sky_orchards.sapling_cottonwood":7,"stat.leaveGame":2,"stat.mineBlock.minecraft.cobblestone":1,"stat.mineBlock.sky_orchards.leaves_gravel":55,"stat.pickup.tconstruct.wooden_hopper":2,"stat.pickup.minecraft.flint":2,"stat.useItem.sky_orchards.acorn_cottonwood":7,"stat.pickup.sky_orchards.acorn_petrified":85,"stat.pickup.sky_orchards.resin_dirt":91,"stat.craftItem.minecraft.wool":7,"stat.useItem.inspirations.wooden_crook":1923,"stat.pickup.pickletweaks.coal_piece":4,"stat.pickup.sky_orchards.resin_sand":22,"stat.craftItem.minecraft.coal":4,"stat.craftItem.sky_orchards.sapling_coal":1,"stat.pickup.sky_orchards.resin_clay":31,"stat.craftItem.sky_orchards.amber_iron":6,"stat.jump":126,"stat.swimOneCm":883,"stat.craftItem.tconstruct.rack":1,"stat.pickup.rustic.crushing_tub":3,"stat.useItem.minecraft.planks":1,"stat.fallOneCm":67027,"stat.drop.minecraft.dye":1,"stat.craftItem.tconstruct.wooden_hopper":2,"stat.mineBlock.morecauldrons.oak_cauldron":1,"stat.crouchOneCm":19912,"stat.mineBlock.sky_orchards.log_dirt":57,"stat.mineBlock.minecraft.chest":2,"stat.craftItem.minecraft.chest":3,"stat.craftItem.minecraft.torch":4,"stat.useItem.sky_orchards.sapling_bone":1,"stat.mineBlock.sky_orchards.log_sand":13,"stat.useItem.minecraft.dirt":1,"stat.pickup.minecraft.dirt":12,"stat.useItem.minecraft.stone_slab2":39,"stat.pickup.bonsaitrees.bonsaipot":2,"stat.drop.tconstruct.wooden_hopper":1,"stat.pickup.sky_orchards.resin_cottonwood":17,"stat.craftingTableInteraction":58,"stat.drop.sky_orchards.sapling_petrified":1,"stat.craftItem.sky_orchards.acorn_cottonwood":4,"stat.craftItem.minecraft.furnace":1,"stat.drop.ceramics.unfired_clay":1,"stat.mineBlock.sky_orchards.leaves_sand":164,"stat.pickup.sky_orchards.resin_bone":15,"stat.pickup.sky_orchards.sapling_sand":15,"stat.pickup.sky_orchards.sapling_dirt":83,"stat.mineBlock.tconstruct.tooltables":1,"stat.craftItem.minecraft.bone_block":1,"stat.damageTaken":400,"stat.mineBlock.minecraft.torch":1,"stat.useItem.minecraft.wooden_pickaxe":2,"stat.mineBlock.sky_orchards.leaves_dirt":631,"stat.pickup.minecraft.cobblestone":1,"stat.mineBlock.minecraft.wooden_slab":1,"stat.pickup.minecraft.dye":7,"stat.pickup.minecraft.planks":1,"stat.flyOneCm":720,"stat.pickup.minecraft.bed":1,"stat.mineBlock.sky_orchards.leaves_coal":161,"stat.mineBlock.sky_orchards.sapling_petrified":4,"stat.pickup.sky_orchards.resin_coal":20,"stat.craftItem.minecraft.wooden_slab":180,"stat.pickup.sky_orchards.resin_petrified":91,"stat.pickup.sky_orchards.sapling_clay":20,"stat.mineBlock.sky_orchards.log_bone":9,"stat.pickup.sky_orchards.sapling_petrified":142,"stat.timeSinceDeath":40035,"stat.mineBlock.sky_orchards.leaves_cottonwood":374,"stat.hopperInspected":1,"stat.useItem.minecraft.wooden_slab":160,"stat.craftItem.minecraft.wooden_pickaxe":2,"stat.drop.advancementbook.advancement_book":1,"stat.craftItem.sky_orchards.amber_tin":2,"stat.pickup.sky_orchards.acorn_bone":15,"stat.drop.minecraft.stick":2,"stat.walkOneCm":232462,"stat.pickup.ceramics.clay_bucket":3,"stat.drop.minecraft.coal":1,"stat.craftItem.minecraft.bed":2,"stat.useItem.minecraft.torch":3,"stat.useItem.minecraft.chest":1,"stat.pickup.sky_orchards.leaves_clay":1,"stat.pickup.minecraft.stick":2,"stat.pickup.sky_orchards.sapling_bone":16,"stat.pickup.advancementbook.advancement_book":1,"stat.useItem.minecraft.log":1,"stat.pickup.minecraft.crafting_table":1,"stat.drop.ceramics.clay_bucket":2,"stat.craftItem.minecraft.crafting_table":1,"stat.craftItem.inspirations.wooden_crook":28,"stat.furnaceInteraction":23,"stat.pickup.sky_orchards.acorn_clay":18,"stat.useItem.sky_orchards.sapling_clay":1,"stat.craftItem.morecauldrons.oak_cauldron":1,"stat.drop.sky_orchards.sapling_cottonwood":1,"stat.useItem.xlfoodmod.coffee":1,"stat.useItem.tp.toasted_bread":1,"stat.drop.bonsaitrees.bonsaipot":1,"stat.pickup.minecraft.log":200,"stat.pickup.minecraft.string":10,"stat.craftItem.sky_orchards.acorn_dirt":1,"stat.pickup.sky_orchards.amber_iron":1,"stat.mineBlock.sky_orchards.log_gravel":6,"stat.pickup.sky_orchards.resin_gravel":11,"stat.pickup.sky_orchards.acorn_coal":21,"stat.craftItem.rustic.crushing_tub":1,"stat.pickup.sky_orchards.acorn_gravel":30,"stat.mineBlock.sky_orchards.leaves_clay":225,"stat.craftItem.minecraft.stone_slab2":0,"stat.pickup.sky_orchards.sapling_cottonwood":37,"stat.pickup.sky_orchards.acorn_sand":44,"stat.pickup.sky_orchards.amber_tin":1,"stat.drop.sky_orchards.sapling_coal":1,"stat.useItem.sky_orchards.sapling_petrified":13,"stat.pickup.minecraft.sapling":3,"stat.craftItem.tconstruct.tooltables":2,"stat.pickup.sky_orchards.acorn_dirt":48,"stat.sprintOneCm":3383,"stat.pickup.sky_orchards.sapling_gravel":4,"stat.pickup.sky_orchards.sapling_coal":17,"stat.craftItem.minecraft.stick":108,"stat.craftItem.minecraft.wooden_axe":1,"stat.drop.sky_orchards.sapling_dirt":1,"stat.useItem.carryon.tile_item":2,"stat.mineBlock.sky_orchards.leaves_petrified":717,"stat.craftItem.minecraft.planks":242,"stat.craftItem.minecraft.dirt":10,"stat.mineBlock.minecraft.crafting_table":1,"stat.pickup.morecauldrons.oak_cauldron":1,"stat.craftItem.minecraft.clay_ball":4,"stat.mineBlock.minecraft.log":1,"stat.drop.morecauldrons.oak_cauldron":1,"stat.mineBlock.sky_orchards.log_clay":20,"stat.mineBlock.minecraft.planks":1,"stat.deaths":1,"stat.mineBlock.tconstruct.wooden_hopper":2,"stat.drop":16,"stat.mineBlock.rustic.crushing_tub":3,"stat.playOneMinute":186094,"stat.pickup.minecraft.torch":1,"stat.craftItem.sky_orchards.sapling_clay":1,"stat.useItem.sky_orchards.sapling_coal":3,"stat.sneakTime":9884,"stat.mineBlock.sky_orchards.log_cottonwood":20,"stat.mineBlock.bonsaitrees.bonsaipot":2,"stat.craftItem.minecraft.dye":9,"stat.useItem.minecraft.wooden_axe":59,"stat.craftItem.minecraft.brick":10,"stat.craftItem.minecraft.clay":1,"stat.craftItem.minecraft.cobblestone":10,"stat.useItem.sky_orchards.sapling_dirt":10,"stat.mineBlock.sky_orchards.log_petrified":64,"stat.useItem.sky_orchards.sapling_sand":2,"stat.pickup.minecraft.chest":2}