{"stat.chestOpened":18,"stat.walkOneCm":49688,"stat.pickup.ceramics.clay_bucket":6,"stat.leaveGame":1,"stat.drop.ceramics.clay_bucket":1,"stat.craftItem.inspirations.wooden_crook":4,"stat.furnaceInteraction":3,"stat.pickup.sky_orchards.acorn_clay":12,"stat.pickup.sky_orchards.acorn_petrified":14,"stat.useItem.tconstruct.rack":3,"stat.useItem.sky_orchards.sapling_clay":2,"stat.craftItem.ceramics.clay_bucket":1,"stat.pickup.sky_orchards.resin_dirt":33,"stat.drop.sky_orchards.sapling_bone":1,"stat.useItem.inspirations.wooden_crook":289,"stat.craftItem.minecraft.coal":7,"stat.drop.bonsaitrees.bonsaipot":1,"stat.pickup.minecraft.log":26,"stat.pickup.sky_orchards.resin_clay":4,"stat.craftItem.sky_orchards.acorn_dirt":1,"stat.drop.inspirations.wooden_crook":2,"stat.jump":35,"stat.craftItem.tconstruct.rack":5,"stat.fallOneCm":659,"stat.useItem.minecraft.planks":9,"stat.craftItem.sky_orchards.sapling_petrified":1,"stat.craftItem.rustic.crushing_tub":1,"stat.pickup.sky_orchards.acorn_gravel":8,"stat.mineBlock.sky_orchards.leaves_clay":56,"stat.craftItem.bonsaitrees.bonsaipot":2,"stat.craftItem.minecraft.stone_slab2":0,"stat.pickup.sky_orchards.sapling_cottonwood":1,"stat.mineBlock.morecauldrons.oak_cauldron":1,"stat.crouchOneCm":1955,"stat.mineBlock.sky_orchards.log_dirt":22,"stat.pickup.sky_orchards.acorn_dirt":23,"stat.useItem.minecraft.stone_slab2":10,"stat.pickup.bonsaitrees.bonsaipot":2,"stat.craftItem.minecraft.stick":16,"stat.pickup.ceramics.unfired_clay":1,"stat.craftingTableInteraction":14,"stat.craftItem.sky_orchards.sapling_gravel":1,"stat.useItem.carryon.tile_item":2,"stat.pickup.sky_orchards.sapling_dirt":41,"stat.craftItem.minecraft.planks":54,"stat.craftItem.sky_orchards.sapling_bone":1,"stat.craftItem.minecraft.dirt":1,"stat.pickup.morecauldrons.oak_cauldron":2,"stat.mineBlock.sky_orchards.leaves_dirt":219,"stat.craftItem.minecraft.clay_ball":16,"stat.drop.sky_orchards.sapling_gravel":1,"stat.pickup.minecraft.dye":4,"stat.mineBlock.sky_orchards.log_clay":3,"stat.drop":8,"stat.playOneMinute":48919,"stat.mineBlock.sky_orchards.sapling_petrified":1,"stat.craftItem.minecraft.wooden_slab":12,"stat.pickup.sky_orchards.sapling_clay":17,"stat.sneakTime":1111,"stat.pickup.sky_orchards.sapling_petrified":2,"stat.timeSinceDeath":48919,"stat.craftItem.minecraft.brick":6,"stat.craftItem.minecraft.clay":8,"stat.useItem.sky_orchards.sapling_dirt":2,"stat.drop.sky_orchards.sapling_clay":2}