{"stat.chestOpened":55,"stat.pickup.tconstruct.tooltables":1,"stat.craftItem.sky_orchards.sapling_cottonwood":1,"stat.craftItem.sky_orchards.sapling_sand":1,"stat.pickup.minecraft.wooden_slab":1,"stat.craftItem.ceramics.unfired_clay":1,"stat.mineBlock.sky_orchards.leaves_bone":112,"stat.leaveGame":2,"stat.mineBlock.sky_orchards.leaves_gravel":55,"stat.pickup.minecraft.flint":2,"stat.pickup.sky_orchards.acorn_petrified":72,"stat.pickup.sky_orchards.resin_dirt":91,"stat.useItem.inspirations.wooden_crook":1195,"stat.craftItem.minecraft.coal":2,"stat.pickup.sky_orchards.resin_clay":21,"stat.jump":83,"stat.craftItem.tconstruct.rack":1,"stat.pickup.rustic.crushing_tub":3,"stat.useItem.minecraft.planks":1,"stat.fallOneCm":66609,"stat.drop.minecraft.dye":1,"stat.crouchOneCm":19642,"stat.mineBlock.sky_orchards.log_dirt":57,"stat.craftItem.minecraft.chest":1,"stat.craftItem.minecraft.torch":4,"stat.useItem.sky_orchards.sapling_bone":1,"stat.useItem.minecraft.dirt":1,"stat.pickup.minecraft.dirt":12,"stat.useItem.minecraft.stone_slab2":31,"stat.pickup.bonsaitrees.bonsaipot":1,"stat.craftingTableInteraction":58,"stat.drop.sky_orchards.sapling_petrified":1,"stat.craftItem.minecraft.furnace":1,"stat.drop.ceramics.unfired_clay":1,"stat.pickup.sky_orchards.resin_bone":15,"stat.pickup.sky_orchards.sapling_dirt":83,"stat.mineBlock.tconstruct.tooltables":1,"stat.craftItem.minecraft.bone_block":1,"stat.damageTaken":380,"stat.mineBlock.minecraft.torch":1,"stat.mineBlock.sky_orchards.leaves_dirt":631,"stat.mineBlock.minecraft.wooden_slab":1,"stat.pickup.minecraft.dye":7,"stat.pickup.minecraft.planks":1,"stat.flyOneCm":253,"stat.mineBlock.sky_orchards.sapling_petrified":3,"stat.craftItem.minecraft.wooden_slab":180,"stat.pickup.sky_orchards.resin_petrified":80,"stat.pickup.sky_orchards.sapling_clay":16,"stat.mineBlock.sky_orchards.log_bone":9,"stat.pickup.sky_orchards.sapling_petrified":121,"stat.timeSinceDeath":4035,"stat.useItem.minecraft.wooden_slab":160,"stat.drop.advancementbook.advancement_book":1,"stat.pickup.sky_orchards.acorn_bone":15,"stat.drop.minecraft.stick":2,"stat.walkOneCm":186106,"stat.pickup.ceramics.clay_bucket":3,"stat.useItem.minecraft.torch":3,"stat.pickup.sky_orchards.leaves_clay":1,"stat.pickup.minecraft.stick":2,"stat.pickup.sky_orchards.sapling_bone":16,"stat.pickup.advancementbook.advancement_book":1,"stat.useItem.minecraft.log":1,"stat.pickup.minecraft.crafting_table":1,"stat.drop.ceramics.clay_bucket":2,"stat.craftItem.minecraft.crafting_table":1,"stat.craftItem.inspirations.wooden_crook":14,"stat.furnaceInteraction":12,"stat.pickup.sky_orchards.acorn_clay":10,"stat.useItem.sky_orchards.sapling_clay":1,"stat.craftItem.morecauldrons.oak_cauldron":1,"stat.drop.sky_orchards.sapling_cottonwood":1,"stat.useItem.tp.toasted_bread":1,"stat.drop.bonsaitrees.bonsaipot":1,"stat.pickup.minecraft.log":141,"stat.craftItem.sky_orchards.acorn_dirt":1,"stat.mineBlock.sky_orchards.log_gravel":6,"stat.pickup.sky_orchards.resin_gravel":11,"stat.craftItem.rustic.crushing_tub":1,"stat.pickup.sky_orchards.acorn_gravel":30,"stat.mineBlock.sky_orchards.leaves_clay":169,"stat.craftItem.minecraft.stone_slab2":0,"stat.pickup.sky_orchards.acorn_sand":35,"stat.useItem.sky_orchards.sapling_petrified":10,"stat.pickup.minecraft.sapling":3,"stat.craftItem.tconstruct.tooltables":2,"stat.pickup.sky_orchards.acorn_dirt":48,"stat.sprintOneCm":1845,"stat.pickup.sky_orchards.sapling_gravel":4,"stat.craftItem.minecraft.stick":44,"stat.craftItem.minecraft.wooden_axe":1,"stat.drop.sky_orchards.sapling_dirt":1,"stat.mineBlock.sky_orchards.leaves_petrified":609,"stat.craftItem.minecraft.planks":174,"stat.craftItem.minecraft.dirt":10,"stat.mineBlock.minecraft.crafting_table":1,"stat.craftItem.minecraft.clay_ball":4,"stat.mineBlock.minecraft.log":1,"stat.drop.morecauldrons.oak_cauldron":1,"stat.mineBlock.sky_orchards.log_clay":14,"stat.mineBlock.minecraft.planks":1,"stat.deaths":1,"stat.drop":12,"stat.mineBlock.rustic.crushing_tub":3,"stat.playOneMinute":150094,"stat.pickup.minecraft.torch":1,"stat.craftItem.sky_orchards.sapling_clay":1,"stat.sneakTime":8080,"stat.mineBlock.bonsaitrees.bonsaipot":1,"stat.craftItem.minecraft.dye":9,"stat.useItem.minecraft.wooden_axe":59,"stat.craftItem.minecraft.brick":3,"stat.craftItem.minecraft.clay":1,"stat.craftItem.minecraft.cobblestone":8,"stat.useItem.sky_orchards.sapling_dirt":10,"stat.mineBlock.sky_orchards.log_petrified":55}