{"stat.chestOpened":14,"stat.walkOneCm":103437,"stat.pickup.minecraft.wooden_slab":1,"stat.leaveGame":1,"stat.useItem.minecraft.log":1,"stat.craftItem.minecraft.crafting_table":1,"stat.craftItem.inspirations.wooden_crook":10,"stat.furnaceInteraction":3,"stat.pickup.sky_orchards.acorn_clay":4,"stat.pickup.sky_orchards.acorn_petrified":26,"stat.useItem.sky_orchards.sapling_clay":1,"stat.pickup.sky_orchards.resin_dirt":61,"stat.useItem.inspirations.wooden_crook":728,"stat.pickup.minecraft.log":79,"stat.pickup.sky_orchards.resin_clay":8,"stat.craftItem.sky_orchards.acorn_dirt":1,"stat.jump":14,"stat.craftItem.tconstruct.rack":1,"stat.craftItem.rustic.crushing_tub":1,"stat.mineBlock.sky_orchards.leaves_clay":57,"stat.craftItem.minecraft.stone_slab2":0,"stat.crouchOneCm":18826,"stat.mineBlock.sky_orchards.log_dirt":38,"stat.craftItem.minecraft.chest":1,"stat.useItem.sky_orchards.sapling_petrified":7,"stat.pickup.sky_orchards.acorn_dirt":32,"stat.useItem.minecraft.dirt":1,"stat.pickup.minecraft.dirt":9,"stat.sprintOneCm":1188,"stat.useItem.minecraft.stone_slab2":20,"stat.craftItem.minecraft.stick":28,"stat.craftItem.minecraft.wooden_axe":1,"stat.craftingTableInteraction":45,"stat.craftItem.minecraft.furnace":1,"stat.drop.sky_orchards.sapling_dirt":1,"stat.pickup.sky_orchards.sapling_dirt":54,"stat.mineBlock.sky_orchards.leaves_petrified":384,"stat.craftItem.minecraft.planks":174,"stat.craftItem.minecraft.dirt":5,"stat.mineBlock.minecraft.torch":1,"stat.mineBlock.sky_orchards.leaves_dirt":411,"stat.mineBlock.minecraft.wooden_slab":1,"stat.mineBlock.minecraft.log":1,"stat.mineBlock.sky_orchards.log_clay":5,"stat.drop":1,"stat.playOneMinute":106374,"stat.pickup.minecraft.torch":1,"stat.craftItem.sky_orchards.sapling_clay":1,"stat.mineBlock.sky_orchards.sapling_petrified":2,"stat.craftItem.minecraft.wooden_slab":180,"stat.pickup.sky_orchards.resin_petrified":51,"stat.pickup.sky_orchards.sapling_clay":10,"stat.sneakTime":6605,"stat.pickup.sky_orchards.sapling_petrified":51,"stat.timeSinceDeath":106374,"stat.useItem.minecraft.wooden_axe":44,"stat.useItem.minecraft.wooden_slab":159,"stat.craftItem.minecraft.cobblestone":8,"stat.useItem.sky_orchards.sapling_dirt":7,"stat.mineBlock.sky_orchards.log_petrified":35}